ukrainian name,english name
Автономна Республіка Крим,Avtonomna Respublika Krym
Амвросіївка,Amvrosiivka
Амвросіївський,Amvrosiivskyi
Ананьїв,Ananiv
Ананьївський,Ananivskyi
Андрушівка,Andrushivka
Андрушівський,Andrushivskyi
Антрацит,Antratsyt
Антрацитівський,Antratsytivskyi
Апостолівський,Apostolivskyi
Апостолове,Apostolove
Арбузинка,Arbuzynka
Арбузинський,Arbuzynskyi
Артемівськ,Artemivsk
Артемівський,Artemivskyi
Арциз,Artsyz
Арцизький,Artsyzkyi
Балаклавський,Balaklavskyi
Балаклійський,Balakliiskyi
Балаклія,Balakliia
Балта,Balta
Балтський,Baltskyi
Бар,Bar
Баранівка,Baranivka
Баранівський,Baranivskyi
Барвінківський,Barvinkivskyi
Барвінкове,Barvinkove
Баришівка,Baryshivka
Баришівський,Baryshivskyi
Барський,Barskyi
Бахмацький,Bakhmatskyi
Бахмач,Bakhmach
Бахчисарай,Bakhchysarai
Бахчисарайський,Bakhchysaraiskyi
Баштанка,Bashtanka
Баштанський,Bashtanskyi
Бердичів,Berdychiv
Бердичівський,Berdychivskyi
Бердянськ,Berdiansk
Бердянський,Berdianskyi
Берегівський,Berehivskyi
Берегове,Berehove
Бережани,Berezhany
Бережанський,Berezhanskyi
Березанка,Berezanka
Березанський,Berezanskyi
Березівка,Berezivka
Березівський,Berezivskyi
Березне,Berezne
Березнегувате,Bereznehuvate
Березнегуватський,Bereznehuvatskyi
Березнівський,Bereznivskyi
Берислав,Beryslav
Бериславський,Beryslavskyi
Бершадський,Bershadskyi
Бершадь,Bershad
Біла Церква,Bila Tserkva
Білгород-Дністровський,Bilhorod-Dnistrovskyi
Біловодськ,Вilovodsk
Біловодський,Bilovodskyi
Білогір’я,Bilohiria
Білогірськ,Bilohirsk
Білогірський,Bilohirskyi
Білозерка,Bilozerka
Білозерський,Bilozerskyi
Білокуракине,Bilokurakyne
Білокуракинський,Bilokurakynskyi
Білопілля,Bilopillia
Білопільський,Bilopilskyi
Білоцерківський,Bilotserkivskyi
Біляївка,Biliaivka
Біляївський,Biliaivskyi
Близнюки,Blyzniuky
Близнюківський,Blyzniukivskyi
Бобринець,Bobrynets
Бобринецький,Bobrynetskyi
Бобровицький,Bobrovytskyi
Бобровиця,Bobrovytsia
Богодухів,Bohodukhiv
Богодухівський,Bohodukhivskyi
Богородчани,Bohorodchany
Богородчанський,Bohorodchanskyi
Богуслав,Bohuslav
Богуславський,Bohuslavskyi
Болград,Bolhrad
Болградський,Bolhradskyi
Борзна,Borzna
Борзнянський,Borznianskyi
Бориспіль,Boryspil
Бориспільський,Boryspilskyi
Борівський,Borivskyi
Борова,Borova
Бородянка,Borodianka
Бородянський,Borodianskyi
Борщів,Borshchiv
Борщівський,Borshchivskyi
Братське,Bratske
Братський,Bratskyi
Бровари,Brovary
Броварський,Brovarskyi
Броди,Brody
Бродівський,Brodivskyi
Брусилів,Brusyliv
Брусилівський,Brusylivskyi
Буринський,Burynskyi
Буринь,Buryn
Буськ,Busk
Буський,Buskyi
Бучацький,Buchatskyi
Бучач,Buchach
Валки,Valky
Валківський,Valkivskyi
Варва,Varva
Варвинський,Varvynskyi
Василівка,Vasylivka
Василівський,Vasylivskyi
Васильків,Vasylkiv
Васильківка,Vasylkivka
Васильківський,Vasylkivskyi
Велика Багачка,Velyka Bahachka
Велика Білозерка,Velyka Bilozerka
Велика Лепетиха,Velyka Lepetykha
Велика Михайлівка,Velyka Mykhailivka
Велика Новосілка,Velyka Novosilka
Велика Олександрівка,Velyka Oleksandrivka
Велика Писарівка,Velyka Pysarivka
Великий Березний,Velykyi Bereznyi
Великий Бурлук,Velykyi Burluk
Велико-олександрівський,Velyko-oleksandrivskyi
Великобагачанський,Velykobahachanskyi
Великоберезнянський,Velykobereznianskyi
Великобілозерський,Velykobilozerskyi
Великобурлуцький,Velykoburlutskyi
Великолепетиський,Velykolepetyskyi
Великомихайлівський,Velykomykhailivskyi
Великоново- сілківський,Velykonovo-silkivskyi
Великописарівський,Velykopysarivskyi
Верхній Рогачик,Verkhnii Rohachyk
Верхньо-рогачицький,Verkhno-rohachytskyi
Верхньодніпровськ,Verkhnodniprovsk
Верхньодніпровський,Verkhnodniprovskyi
Верховина,Verkhovyna
Верховинський,Verkhovynskyi
Веселе,Vesele
Веселинівський,Veselynivskyi
Веселинове,Veselynove
Веселівський,Veselivskyi
Вижницький,Vyzhnytskyi
Вижниця,Vyzhnytsia
Виноградів,Vynohradiv
Виноградівський,Vynohradivskyi
Високопілля,Vysokopillia
Високопільський,Vysokopilskyi
Вишгород,Vyshhorod
Вишгородський,Vyshhorodskyi
Вільнянськ,Vilniansk
Вільнянський,Vilnianskyi
Вільшанка,Vilshanka
Вільшанський,Vilshanskyi
Вінницька,Vinnytska
Вінницький,Vinnytskyi
Вінниця,Vinnytsia
Віньківці,Vinkivtsi
Віньковецький,Vinkovetskyi
Вовчанськ,Vovchansk
Вовчанський,Vovchanskyi
Вознесенськ,Voznesensk
Вознесенський,Voznesenskyi
Волинська,Volynska
Волноваський,Volnovaskyi
Волноваха,Volnovakha
Воловець,Volovets
Воловецький,Volovetskyi
Володарка,Volodarka
Володарськ-Волинський,Volodarsk-Volynskyi
Володарське,Volodarske
Володарський,Volodarskyi
Володарсько-Волинський,Volodarsko-Volynskyi
Володимир-Волинський,Volodymyr-Volynskyi
Володимирець,Volodymyrets
Володимирецький,Volodymyretskyi
Волочиськ,Volochysk
Волочиський,Volochyskyi
Врадіївка,Vradiivka
Врадіївський,Vradiivskyi
Гагарінський,Haharinskyi
Гадяцький,Hadiatskyi
Гадяч,Hadiach
Гайворон,Haivoron
Гайворонський,Haivoronskyi
Гайсин,Haisyn
Гайсинський,Haisynskyi
Галицький,Halytskyi
Галич,Halych
Генічеськ,Henichesk
Генічеський,Henicheskyi
Герца,Hertsa
Герцаївський,Hertsaivskyi
Глибока,Hlyboka
Глибоцький,Hlybotskyi
Глобине,Hlobyne
Глобинський,Hlobynskyi
Глухів,Hlukhiv
Глухівський,Hlukhivskyi
Гола Пристань,Hola Prystan
Голованівськ,Holovanivsk
Голованівський,Holovanivskyi
Голопристанський,Holoprystanskyi
Голосіївський,Holosiivskyi
Горностаївка,Hornostaivka
Горностаївський,Hornostaivskyi
Городенка,Horodenka
Городенківський,Horodenkivskyi
Городище,Horodyshche
Городищенський,Horodyshchenskyi
Городня,Horodnia
Городнянський,Horodnianskyi
Городок,Horodok
Городоцький,Horodotskyi
Горохів,Horokhiv
Горохівський,Horokhivskyi
Гоща,Hoshcha
Гощанський,Hoshchanskyi
Гребінка,Hrebinka
Гребінківський,Hrebinkivskyi
Гуляйпільський,Huliaіpilskyi
Гуляйполе,Huliaipole
Гусятин,Husiatyn
Гусятинський,Husiatynskyi
Дарницький,Darnytskyi
Дворічанський,Dvorichanskyi
Дворічна,Dvorichna
Демидівка,Demydivka
Демидівський,Demydivskyi
Деражня,Derazhnia
Деражнянський,Derazhnianskyi
Дергачі,Derhachi
Дергачівський,Derhachivskyi
Деснянський,Desnianskyi
Джанкой,Dzhankoi
Джанкойський,Dzhankoiskyi
Диканський,Dykanskyi
Диканька,Dykanka
Дніпровський,Dniprovskyi
Дніпропетровськ,Dnipropetrovsk
Дніпропетровська,Dnipropetrovska
Дніпропетровський,Dnipropetrovskyi
Добровеличківка,Dobrovelychkivka
Добровеличківський,Dobrovelychkivskyi
Добропілля,Dobropillia
Добропільський,Dobropilskyi
Долина,Dolyna
Долинська,Dolynska
Долинський,Dolynskyi
Доманівка,Domanivka
Доманівський,Domanivskyi
Донецьк,Donetsk
Донецька,Donetska
Драбів,Drabiv
Драбівський,Drabivskyi
Дрогобицький,Drohobytskyi
Дрогобич,Drohobych
Дубенський,Dubenskyi
Дубно,Dubno
Дубровицький,Dubrovytskyi
Дубровиця,Dubrovytsia
Дунаєвецький,Dunaievetskyi
Дунаївці,Dunaivtsi
Єланець,Yelanets
Єланецький,Yelanetskyi
Ємільчине,Yemilchyne
Ємільчинський,Yemilchynskyi
Жашків,Zhashkiv
Жашківський,Zhashkivskyi
Жидачів,Zhydachiv
Жидачівський,Zhydachivskyi
Житомир,Zhytomyr
Житомирська,Zhytomyrskа
Житомирський,Zhytomyrskyi
Жмеринка,Zhmerynka
Жмеринський,Zhmerynskyi
Жовква,Zhovkva
Жовківський,Zhovkivskyi
Жовтневий,Zhovtnevyi
Закарпатська,Zakarpatska
Заліщики,Zalishchyky
Заліщицький,Zalishchytskyi
Запоріжжя,Zaporizhzhia
Запорізька,Zaporizka
Запорізький,Zaporizkyi
Зарічне,Zarichne
Зарічненський,Zarichnenskyi
Заставна,Zastavna
Заставнівський,Zastavnivskyi
Зачепилівка,Zachepylivka
Зачепилівський,Zachepylivskyi
Збараж,Zbarazh
Збаразький,Zbarazkyi
Зборів,Zboriv
Зборівський,Zborivskyi
Звенигородка,Zvenyhorodka
Звенигородський,Zvenyhorodskyi
Згурівка,Zghurivka
Згурівський,Zghurivskyi
Здолбунів,Zdolbuniv
Здолбунівський,Zdolbunivskyi
Зіньків,Zinkiv
Зіньківський,Zinkivskyi
Зміїв,Zmiiv
Зміївський,Zmiivskyi
Знам’янка,Znamianka
Знам’янський,Znamianskyi
Золотоніський,Zolotoniskyi
Золотоноша,Zolotonosha
Золочів,Zolochiv
Золочівський,Zolochivskyi
Іваничі,Ivanychi
Іваничівський,Ivanychivskyi
Іванівка,Ivanivka
Іванівський,Ivanivskyi
Іванків,Іvankiv
Іванківський,Ivankivskyi
Івано-Франківськ,Ivano-Frankivsk
Івано-Франківська,Ivano-Frankivska
Ізмаїл,Izmail
Ізмаїльський,Izmailskyi
Ізюм,Izium
Ізюмський,Iziumskyi
Ізяслав,Iziaslav
Ізяславський,Iziaslavskyi
Іллінецький,Illinetskyi
Іллінці,Illintsi
Іршава,Irshava
Іршавський,Irshavskyi
Ічня,Ichnia
Ічнянський,Ichnianskyi
Кагарлик,Kaharlyk
Кагарлицький,Kaharlytskyi
Казанка,Kazanka
Казанківський,Kazankivskyi
Каланчак,Kalanchak
Каланчацький,Kalanchatskyi
Калинівка,Kalynivka
Калинівський,Kalynivskyi
Калуський,Kaluskyi
Калуш,Kalush
Кам’янець-Подільський,Kamianets-Podilskyi
Кам’янка,Kamianka
Кам’янка-Бузька,Kamianka-Buzka
Кам’янка-Бузький,Kamianka-Buzkyi
Кам’янка-Дніпровська,Kamianka-Dniprovska
Кам’янський,Kamianskyi
Кам’янсько-Дніпровський,Kamiansko-Dniprovskyi
Камінь-Каширський,Kamin-Kashyrskyi
Канів,Kaniv
Канівський,Kanivskyi
Карлівка,Karlivka
Карлівський,Karlivskyi
Катеринопіль,Katerynopil
Катеринопільський,Katerynopilskyi
Каховка,Kakhovka
Каховський,Kakhovskyi
Кегичівка,Kehychivka
Кегичівський,Kehychivskyi
Кельменецький,Kelmenetskyi
Кельменці,Kelmentsi
Києво-Святошинський,Kyievo-Sviatoshynskyi
Київ,Kyiv
Київська,Kyivska
Ківерці,Kivertsi
Ківерцівський,Kivertsivskyi
Кілійський,Kiliiskyi
Кілія,Kiliia
Кіровоград,Kirovohrad
Кіровоградська,Kirovohradska
Кіровоградський,Kirovohradskyi
Кіровське,Kirovske
Кіровський,Kirovskyi
Кіцманський,Kitsmanskyi
Кіцмань,Kitsman
Кобеляки,Kobeliaky
Кобеляцький,Kobeliatskyi
Ковель,Kovel
Ковельський,Kovelskyi
Кодима,Kodyma
Кодимський,Kodymskyi
Козелець,Kozelets
Козелецький,Kozeletskyi
Козельщина,Kozelshchyna
Козельщинський,Kozelshchynskyi
Козівський,Kozivskyi
Козова,Kozova
Козятин,Koziatyn
Козятинський,Koziatynskyi
Коломак,Kolomak
Коломацький,Kolomatskyi
Коломийський,Kolomyiskyi
Коломия,Kolomyia
Комінтернівське,Kominternivske
Комінтернівський,Kominternivskyi
Компаніївка,Kompaniivka
Компаніївський,Kompaniivskyi
Конотоп,Konotop
Конотопський,Konotopskyi
Корець,Korets
Корецький,Koretskyi
Короп,Korop
Коропський,Koropskyi
Коростенський,Korostenskyi
Коростень,Korosten
Коростишів,Korostyshiv
Коростишівський,Korostyshivskyi
Корсунь- Шевченківський,Korsun- Shevchenkivskyi
Корсунь-Шевченківський,Korsun-Shevchenkivskyi
Корюківка,Koriukivka
Корюківський,Koriukivskyi
Косів,Kosiv
Косівський,Kosivskyi
Костопіль,Kostopil
Костопільський,Kostopilskyi
Костянтинівка,Kostiantynivka
Костянтинівський,Kostiantynivskyi
Котелевський,Kotelevskyi
Котельва,Kotelva
Котовськ,Kotovsk
Котовський,Kotovskyi
Красилів,Krasyliv
Красилівський,Krasylivskyi
Краснi Окни,Krasni Okny
Красний Лиман,Krasnyi Lyman
Красноармійськ,Krasnoarmiisk
Красноармійський,Krasnoarmiiskyi
Красногвардійське,Krasnohvardiiske
Красногвардійський,Krasnohvardiiskyi
Красноград,Krasnohrad
Красноградський,Krasnohradskyi
Краснодон,Krasnodon
Краснодонський,Krasnodonskyi
Краснокутськ,Krasnokutsk
Краснокутський,Krasnokutskyi
Краснолиманський,Krasnolymanskyi
Красноокнянський,Krasnooknianskyi
Красноперекопськ,Krasnoperekopsk
Красноперекопський,Krasnoperekopskyi
Краснопілля,Krasnopillia
Краснопільський,Krasnopilskyi
Красятичі,Krasiatychi
Кременець,Kremenets
Кременецький,Kremenetskyi
Кременчук,Kremenchuk
Кременчуцький,Kremenchutskyi
Кремінна,Kreminna
Кремінський,Kreminskyi
Криве Озеро,Kryve Ozero
Кривий Ріг,Kryvyi Rih
Кривоозерський,Kryvoozerskyi
Криворізький,Kryvorizkyi
Крижопіль,Kryzhopil
Крижопільський,Kryzhopilskyi
Криничанський,Krynychanskyi
Кринички,Krynychky
Кролевець,Krolevets
Кролевецький,Krolevetskyi
Куйбишеве,Kuibysheve
Куйбишевський,Kuibyshevskyi
Куликівка,Kulykivka
Куликівський,Kulykivskyi
Куп’янськ,Kupiansk
Куп’янський,Kupianskyi
Ланівці,Lanivtsi
Лановецький,Lanovetskyi
Лебедин,Lebedyn
Лебединський,Lebedynskyi
Леніне,Lenine
Ленінський,Leninskyi
Летичів,Letychiv
Летичівський,Letychivskyi
Липова Долина,Lypova Dolyna
Липовець,Lypovets
Липовецький,Lypovetskyi
Липоводолинський,Lypovodolynskyi
Лисянка,Lysianka
Лисянський,Lysianskyi
Літин,Lityn
Літинський,Litynskyi
Лозівський,Lozivskyi
Лозова,Lozova
Локачинський,Lokachynskyi
Локачі,Lokachi
Лохвицький,Lokhvytskyi
Лохвиця,Lokhvytsia
Лубенський,Lubenskyi
Лубни,Lubny
Луганськ,Luhansk
Луганська,Luhanska
Лугини,Luhyny
Лугинський,Luhynskyi
Лутугине,Lutuhyne
Лутугинський,Lutuhynskyi
Луцьк,Lutsk
Луцький,Lutskyi
Львів,Lviv
Львівська,Lvivska
Любар,Luibar
Любарський,Liubarskyi
Любашівка,Liubashivka
Любашівський,Liubashivskyi
Любешів,Liubeshiv
Любешівський,Liubeshivskyi
Любомль,Liuboml
Любомльський,Liubomlskyi
Магдалинівка,Mahdalynivka
Магдалинівський,Mahdalynivskyi
Макарів,Makariv
Макарівський,Makarivskyi
Мала Виска,Mala Vyska
Малин,Malyn
Малинський,Malynskyi
Маловисківський,Malovyskivskyi
Мангуш,Manhush
Маневицький,Manevytskyi
Маневичі,Manevychi
Маньківка,Mankivka
Маньківський,Mankivskyi
Мар’їнка,Marinka
Мар’їнський,Marinskyi
Марківка,Markivka
Марківський,Markivskyi
Машівка,Mashivka
Машівський,Mashivskyi
Межівський,Mezhivskyi
Межова,Mezhova
Мелітополь,Melitopol
Мелітопольський,Melitopolskyi
Мена,Mena
Менський,Menskyi
Миколаїв,Mykolaiv
Миколаївка,Mykolaivka
Миколаївська,Mykolaivska
Миколаївський,Mykolaivskyi
Миргород,Myrhorod
Миргородський,Myrhorodskyi
Миронівка,Myronivka
Миронівський,Myronivskyi
Михайлівка,Mykhailivka
Михайлівський,Mykhailivskyi
Міжгір’я,Mizhhiria
Міжгірський,Mizhhirskyi
Мілове,Milove
Міловський,Milovskyi
Млинів,Mlyniv
Млинівський,Mlynivskyi
Могилів-Подільський,Mohyliv-Podilskyi
Монастириська,Monastyryska
Монастириський,Monastyryskyi
Монастирище,Monastyryshche
Монастирищенський,Monastyryshchenskyi
Мостиська,Mostyska
Мостиський,Mostyskyi
Мукачеве,Mukachevе
Мукачівський,Mukachivskyi
Муровані Курилівці,Murovani Kurylivtsi
Мурованоку-риловецький,Murovanoku-rylovetskyi
Надвірна,Nadvirna
Надвірнянський,Nadvirnianskyi
Народицький,Narodytskyi
Народичі,Narodychi
Нахімовський,Nakhimovskyi
Недригайлів,Nedryhailiv
Недригайлівський,Nedryhailivskyi
Немирів,Nemyriv
Немирівський,Nemyrivskyi
Нижні Сірогози,Nyzhni Sirohozy
Нижньогірський,Nyzhnohirskyi
Нижньосірогозький,Nyzhnosirohozkyi
Ніжин,Nizhyn
Ніжинський,Nizhynskyi
Нікополь,Nikopol
Нікопольський,Nikopolskyi
Нова Водолага,Nova Vodolaha
Нова Одеса,Nova Odesa
Нова Ушиця,Nova Ushytsia
Новгород-Сіверський,Novhorod-Siverskyi
Новгородка,Novhorodka
Новгородківський,Novhorodkivskyi
Новий Буг,Novyi Buh
Нові Санжари,Novi Sanzhary
Новоазовськ,Novoazovsk
Новоазовський,Novoazovskyi
Новоайдар,Novoaidar
Новоайдарський,Novoaidarskyi
Новоархангельськ,Novoarkhanhelsk
Новоархангельський,Novoarkhanhelskyi
Новобузький,Novobuzkyi
Нововодолазький,Novovodolazkyi
Нововоронцовка,Novovorontsovka
Нововоронцовський,Novovorontsovskyi
Новоград-Волинський,Novohrad-Volynskyi
Новомиколаївка,Novomykolaivka
Новомиколаївський,Novomykolaivskyi
Новомиргород,Novomyrhorod
Новомиргородський,Novomyrhorodskyi
Новомосковськ,Novomoskovsk
Новомосковський,Novomoskovskyi
Новоодеський,Novoodeskyi
Новопсков,Novopskov
Новопсковський,Novopskovskyi
Новосанжарський,Novosanzharskyi
Новоселицький,Novoselytskyi
Новоселиця,Novoselytsia
Новотроїцьке,Novotroitske
Новотроїцький,Novotroitskyi
Новоукраїнка,Novoukrainka
Новоукраїнський,Novoukrainskyi
Новоушицький,Novoushytskyi
Носівка,Nosivka
Носівський,Nosivskyi
Оболонський,Obolonskyi
Обухів,Obukhiv
Обухівський,Obukhivskyi
Овідіополь,Ovidiopol
Овідіопольський,Ovidiopolskyi
Овруцький,Ovrutskyi
Овруч,Ovruch
Одеса,Odesa
Одеська,Odeska
Олевськ,Olevsk
Олевський,Olevskyi
Олександрівка,Oleksandrivka
Олександрівський,Oleksandrivskyi
Олександрійський,Oleksandriiskyi
Олександрія,Oleksandriia
Онуфріївка,Onufriivka
Онуфріївський,Onufriivskyi
Оратів,Orativ
Оратівський,Orativskyi
Оржицький,Orzhytskyi
Оржиця,Orzhytsia
Оріхів,Orikhiv
Оріхівський,Orikhivskyi
Острог,Ostroh
Острозький,Ostrozkyi
Охтирка,Okhtyrka
Охтирський,Okhtyrskyi
Очаків,Ochakiv
Очаківський,Ochakivskyi
П’ятихатки,Piatykhatky
П’ятихатський,Piatykhatskyi
Павлоград,Pavlohrad
Павлоградський,Pavlohradskyi
Первомайськ,Pervomaisk
Первомайське,Pervomaiske
Первомайський,Pervomaiskyi
Перевальськ,Perevalsk
Перевальський,Perevalskyi
Перемишляни,Peremyshliany
Перемишлянський,Peremyshlianskyi
Перечин,Perechyn
Перечинський,Perechynskyi
Переяслав-Хмельницький,Pereiaslav-Khmelnytskyi
Першотравневий,Pershotravnevyi
Петриківка,Petrykivka
Петриківський,Petrykivskyi
Петрівський,Petrivskyi
Петрове,Petrove
Петропавлівка,Petropavlivka
Петропавлівський,Petropavlivskyi
Печеніги,Pechenihy
Печенізький,Pechenizkyi
Печерський,Pecherskyi
Пирятин,Pyriatyn
Пирятинський,Pyriatynskyi
Підволочиськ,Pidvolochysk
Підволочиський,Pidvolochyskyi
Підгаєцький,Pidhaietskyi
Підгайці,Pidhaitsi
Піщанка,Pishchanka
Піщанський,Pishchanskyi
Погребище,Pohrebyshche
Погребищенський,Pohrebyshchenskyi
Подільський,Podilskyi
Покровське,Pokrovske
Покровський,Pokrovskyi
Поліський,Poliskyi
Пологи,Polohy
Пологівський,Polohivskyi
Полонне,Polonne
Полонський,Polonskyi
Полтава,Poltava
Полтавська,Poltavska
Полтавський,Poltavskyi
Попасна,Popasna
Попаснянський,Popasnianskyi
Попільня,Popilnia
Попільнянський,Popilnianskyi
Приазовське,Pryazovske
Приазовський,Pryazovskyi
Прилуки,Pryluky
Прилуцький,Prylutskyi
Приморськ,Prymorsk
Приморський,Prymorskyi
Пустомити,Pustomyty
Пустомитівський,Pustomytivskyi
Путивль,Putyvl
Путивльський,Putyvlskyi
Путила,Putyla
Путильський,Putylskyi
Радехів,Radekhiv
Радехівський,Radekhivskyi
Радивилів,Radyvyliv
Радивилівський,Radyvylivskyi
Радомишль,Radomyshl
Радомишльський,Radomyshlskyi
Ратне,Ratne
Ратнівський,Ratnivskyi
Рахів,Rakhiv
Рахівський,Rakhivskyi
Рені,Reni
Ренійський,Reniiskyi
Решетилівка,Reshetylivka
Решетилівський,Reshetylivskyi
Рівне,Rivne
Рівненська,Rivnenska
Рівненський,Rivnenskуі
Ріпки,Ripky
Ріпкинський,Ripkynskyi
Рогатин,Rohatyn
Рогатинський,Rohatynskyi
Рожище,Rozhyshche
Рожищенський,Rozhyshchenskyi
Рожнятів,Rozhniativ
Рожнятівський,Rozhniativskyi
Роздільна,Rozdilna
Роздільнянський,Rozdilnianskyi
Роздольне,Rozdolne
Роздольненський,Rozdolnenskyi
Розівка,Rozivka
Розівський,Rozivskyi
Рокитне,Rokytne
Рокитнівський,Rokytnivskyi
Рокитнянський,Rokytnianskyi
Романів,Romaniv
Романівський,Romanivskyi
Роменський,Romenskyi
Ромни,Romny
Ружин,Ruzhyn
Ружинський,Ruzhynskyi
Савранський,Savranskyi
Саврань,Savran
Саки,Saky
Сакський,Sakskyi
Самбір,Sambir
Самбірський,Sambirskyi
Сарата,Sarata
Саратський,Saratskyi
Сарненський,Sarnenskyi
Сарни,Sarny
Сахновщина,Sakhnovshchyna
Сахновщинський,Sakhnovshchynskyi
Свалява,Svaliava
Свалявський,Svaliavskyi
Сватівський,Svativskyi
Сватове,Svatove
Свердловськ,Sverdlovsk
Свердловський,Sverdlovskyi
Світловодськ,Svitlovodsk
Світловодський,Svitlovodskyi
Святошинський,Sviatoshynskyi
Севастополь,Sevastopol
Семенівка,Semenivka
Семенівський,Semenivskyi
Середина-Буда,Seredyna-Buda
Середино-Будський,Seredyno-Budskyi
Синельниківський,Synelnykivskyi
Синельникове,Synelnykove
Сімферополь,Simferopol
Сімферопольський,Simferopolskyi
Скадовськ,Skadovsk
Скадовський,Skadovskyi
Сквира,Skvyra
Сквирський,Skvyrskyi
Сколе,Skole
Сколівський,Skolivskyi
Славута,Slavuta
Славутський,Slavutskyi
Слов’яносербськ,Slovianoserbsk
Слов’яносербський,Slovianoserbskyi
Слов’янськ,Sloviansk
Слов’янський,Slovianskyi
Сміла,Smila
Смілянський,Smilianskyi
Снігурівка,Snihurivka
Снігурівський,Snihurivskyi
Снятин,Sniatyn
Снятинський,Sniatynskyi
Совєтський,Sovietskyi
Сокаль,Sokal
Сокальський,Sokalskyi
Сокиряни,Sokyriany
Сокирянський,Sokyrianskyi
Солом’янський,Solomianskyi
Солоне,Solone
Солонянський,Solonianskyi
Сосницький,Sosnytskyi
Сосниця,Sosnytsia
Софіївка,Sofiivka
Софіївський,Sofiivskyi
Срібне,Sribne
Срібнянський,Sribnianskyi
Ставище,Stavyshche
Ставищенський,Stavyshchenskyi
Станиця Луганська,Stanytsia Luhanska
Станично-Луганський,Stanychno-Luhanskyi
Стара Вижівка,Stara Vyzhivka
Стара Синява,Stara Syniava
Старий Самбір,Staryi Sambir
Старобешеве,Starobesheve
Старобешівський,Starobeshivskyi
Старобільськ,Starobilsk
Старобільський,Starobilskyi
Старовижівський,Starovyzhivskyi
Старокостянтинів,Starokostiantyniv
Старокостянтинівський,Starokostiantynivskyi
Старосамбірський,Starosambirskyi
Старосинявський,Starosyniavskyi
Сторожинець,Storozhynets
Сторожинецький,Storozhynetskyi
Стрий,Stryi
Стрийський,Stryiskyi
Суми,Sumy
Сумська,Sumska
Сумський,Sumskyi
Талалаївка,Talalaivka
Талалаївський,Talalaivskyi
Тальне,Talne
Тальнівський,Talnivskyi
Тараща,Tarashcha
Таращанський,Tarashchanskyi
Тарутине,Tarutyne
Тарутинський,Tarutynskyi
Татарбунари,Tatarbunary
Татарбунарський,Tatarbunarskyi
Тельманівський,Telmanivskyi
Тельманове,Telmanove
Теофіполь,Teofipol
Теофіпольський,Teofipolskyi
Теплик,Teplyk
Теплицький,Teplytskyi
Теребовля,Terebovlia
Теребовлянський,Terebovlianskyi
Тернопіль,Ternopil
Тернопільська,Ternopilska
Тернопільський,Ternopilskyi
Тетіїв,Tetiiv
Тетіївський,Tetiivskyi
Тиврів,Tyvriv
Тиврівський,Tyvrivskyi
Тисменицький,Tysmenytskyi
Тисмениця,Tysmenytsia
Тлумацький,Tlumatskyi
Тлумач,Tlumach
Токмак,Tokmak
Токмацький,Tokmatskyi
Томаківка,Tomakivka
Томаківський,Tomakivskyi
Томашпіль,Tomashpil
Томашпільський,Tomashpilskyi
Троїцьке,Troitske
Троїцький,Troitskyi
Тростянець,Trostianets
Тростянецький,Trostianetskyi
Тульчин,Tulchyn
Тульчинський,Tulchynskyi
Турійськ,Turiisk
Турійський,Turiiskyi
Турка,Turka
Турківський,Turkivskyi
Тячів,Tiachiv
Тячівський,Tiachivskyi
Ужгород,Uzhhorod
Ужгородський,Uzhhorodskyi
Ульяновка,Ulianovka
Ульяновський,Ulianovskyi
Уманський,Umanskyi
Умань,Uman
Устинівка,Ustynivka
Устинівський,Ustynivskyi
Фастів,Fastiv
Фастівський,Fastivskyi
Фрунзівка,Frunzivka
Фрунзівський,Frunzivskyi
Харків,Kharkiv
Харківська,Kharkivska
Харківський,Kharkivskyi
Херсон,Kherson
Херсонська,Khersonska
Хмельницька,Khmelnytska
Хмельницький,Khmelnytskyi
Хмільник,Khmilnyk
Хмільницький,Khmilnytskyi
Хорол,Khorol
Хорольський,Khorolskyi
Хотин,Khotyn
Хотинський,Khotynskyi
Христинівка,Khrystynivka
Христинівський,Khrystynivskyi
Хуст,Khust
Хустський,Khustskyi
Царичанка,Tsarychanka
Царичанський,Tsarychanskyi
Цюрупинськ,Tsiurupynsk
Цюрупинський,Tsiurupynskyi
Чаплинка,Chaplynka
Чаплинський,Chaplynskyi
Чемерівці,Chemerivtsi
Чемеровецький,Chemerovetskyi
Червоноармійськ,Chervonoarmiisk
Червоноармійський,Chervonoarmiiskyi
Черкаси,Cherkasy
Черкаська,Cherkaska
Черкаський,Cherkaskyi
Чернівецька,Chernivetska
Чернівецький,Chernivetskyi
Чернівці,Chernivtsi
Чернігів,Chernihiv
Чернігівка,Chernihivka
Чернігівська,Chernihivska
Чернігівський,Chernihivskyi
Черняхів,Cherniakhiv
Черняхівський,Cherniakhivskyi
Чечельник,Chechelnyk
Чечельницький,Chechelnytskyi
Чигирин,Chyhyryn
Чигиринський,Chyhyrynskyi
Чорнобаївський,Chornobaivskyi
Чорнобай,Chornobai
Чорноморське,Chornomorske
Чорноморський,Chornomorskyi
Чорнухи,Chornukhy
Чорнухинський,Chornukhynskyi
Чортків,Chortkiv
Чортківський,Chortkivskyi
Чугуїв,Chuhuiv
Чугуївський,Chuhuivskyi
Чуднів,Chudniv
Чуднівський,Chudnivskyi
Чутівський,Chutivskyi
Чутове,Chutove
Шаргород,Sharhorod
Шаргородський,Sharhorodskyi
Шахтарськ,Shakhtarsk
Шахтарський,Shakhtarskyi
Шацьк,Shatsk
Шацький,Shatskyi
Шевченківський,Shevchenkivskyi
Шевченкове,Shevchenkove
Шепетівка,Shepetivka
Шепетівський,Shepetivskyi
Широке,Shyroke
Широківський,Shyrokivskyi
Ширяєве,Shyriaieve
Ширяївський,Shyriaivskyi
Шишаки,Shyshaky
Шишацький,Shyshatskyi
Шостка,Shostka
Шосткинський,Shostkynskyi
Шпола,Shpola
Шполянський,Shpolianskyi
Шумськ,Shumsk
Шумський,Shumskyi
Щорс,Shchors
Щорський,Shchorskyi
Юр’ївка,Yurivka
Юр’ївський,Yurivskyi
Яворів,Yavoriv
Яворівський,Yavorivskyi
Яготин,Yahotyn
Яготинський,Yahotynskyi
Якимівка,Yakymivka
Якимівський,Yakymivskyi
Ямпіль,Yampil
Ямпільський,Yampilskyi
Ярмолинецький,Yarmolynetskyi
Ярмолинці,Yarmolyntsi
Ясинувата,Yasynuvata
Ясинуватський,Yasynuvatskyi